employee_type,name,ID,payRate,pretaxDeductions,YTDEarnings,YTDTaxesPaid
HOURLY,Luffy,s192,30.0,0.0,26613.44000000001,6466.572499999999
SALARY,Nami,s193,200000.0,1000.0,51050.98000000001,14948.996224999999
HOURLY,Light Yagami,x101,25.0,0.0,14641.0,3624.0
SALARY,Misa Amane,x102,150000.0,500.0,38685.72,11314.255000000001
SALARY,Edward Elric,f103,100000.0,250.0,29177.240000000005,7655.758775
HOURLY,Alphonse Elric,f104,20.0,0.0,8000.0,1812.0
HOURLY,Eren Yeager,a105,35.0,0.0,9248.7,2310.3
SALARY,Mikasa Ackerman,a106,120000.0,300.0,31812.700000000004,8720.300000000001
SALARY,Spike Spiegel,c107,180000.0,400.0,15000.0,3500.0
