employee_type,name,ID,payRate,pretaxDeductions,YTDEarnings,YTDTaxesPaid
HOURLY,Luffy,s192,30.0,0.0,22204.480000000003,5175.525
SALARY,Nami,s193,200000.0,1000.0,28361.660000000003,8304.99849
HOURLY,Light Yagami,x101,25.0,0.0,11547.0,2718.0
SALARY,Misa Amane,x102,150000.0,500.0,20895.239999999998,6104.75
SALARY,Edward Elric,f103,100000.0,250.0,17059.08,4107.25151
HOURLY,Alphonse Elric,f104,20.0,0.0,8000.0,1812.0
HOURLY,Eren Yeager,a105,35.0,0.0,7082.9,1676.1
SALARY,Mikasa Ackerman,a106,120000.0,300.0,17270.9,4462.1
SALARY,Spike Spiegel,c107,180000.0,400.0,15000.0,3500.0
