employee_type,name,ID,payRate,pretaxDeductions,YTDEarnings,YTDTaxesPaid
HOURLY,Luffy,s192,30.0,0.0,23306.720000000005,5498.287499999999
SALARY,Nami,s193,200000.0,1000.0,34033.990000000005,9965.997735
HOURLY,Light Yagami,x101,25.0,0.0,12320.5,2944.5
SALARY,Misa Amane,x102,150000.0,500.0,25342.859999999997,7407.125
SALARY,Edward Elric,f103,100000.0,250.0,20088.620000000003,4994.377265
HOURLY,Alphonse Elric,f104,20.0,0.0,8000.0,1812.0
HOURLY,Eren Yeager,a105,35.0,0.0,7624.349999999999,1834.6499999999999
SALARY,Mikasa Ackerman,a106,120000.0,300.0,20906.350000000002,5526.650000000001
SALARY,Spike Spiegel,c107,180000.0,400.0,15000.0,3500.0
